モノ,カテゴリ,行為
ストーブ,使用する際の一連の行為,ストーブの電源を入れる
ストーブ,使用する際の一連の行為,ストーブの燃料を確認する
ストーブ,使用する際の一連の行為,ストーブを点火する
ストーブ,使用する際の一連の行為,ストーブの温度を設定する
ストーブ,使用する際の一連の行為,ストーブのファンを調整する
ストーブ,使用する際の一連の行為,ストーブの温度を確認する
ストーブ,使用する際の一連の行為,ストーブの燃料を補充する
ストーブ,使用する際の一連の行為,ストーブを消火する
ストーブ,使用する際の一連の行為,ストーブの掃除をする
ストーブ,使用する際の一連の行為,ストーブのフィルターを掃除する
ストーブ,使用する際の一連の行為,ストーブの位置を調整する
ストーブ,使用する際の一連の行為,ストーブの安全装置を確認する
ストーブ,使用する際の一連の行為,ストーブの電源を切る
ストーブ,使用する際の一連の行為,ストーブを移動する
ストーブ,使用する際の一連の行為,ストーブの換気を確認する
ストーブ,使用する際の一連の行為,ストーブの異音を確認する
ストーブ,使用する際の一連の行為,ストーブの煙突を掃除する
ストーブ,使用する際の一連の行為,ストーブの設定を変更する
ストーブ,使用する際の一連の行為,ストーブのメンテナンスをする
ストーブ,使用する際の一連の行為,ストーブの取扱説明書を読む
ストーブ,それと他のモノを使って行う行為,燃料タンクを使う
ストーブ,それと他のモノを使って行う行為,温度計を使う
ストーブ,それと他のモノを使って行う行為,ファンを使う
ストーブ,それと他のモノを使って行う行為,加湿器を使う
ストーブ,それと他のモノを使って行う行為,換気扇を使う
ストーブ,それと他のモノを使って行う行為,フィルターを使う
ストーブ,それと他のモノを使って行う行為,煙突掃除用具を使う
ストーブ,それと他のモノを使って行う行為,安全装置を使う
ストーブ,それと他のモノを使って行う行為,火力調整ツールを使う
ストーブ,それと他のモノを使って行う行為,燃料ポンプを使う
ストーブ,それと他のモノを使って行う行為,ストーブガードを使う
ストーブ,それと他のモノを使って行う行為,エアコンを併用する
ストーブ,それと他のモノを使って行う行為,窓を開ける
ストーブ,それと他のモノを使って行う行為,ドアを閉める
ストーブ,それと他のモノを使って行う行為,サーキュレーターを使う
ストーブ,それと他のモノを使って行う行為,カーペットを敷く
ストーブ,それと他のモノを使って行う行為,温度センサーを使う
ストーブ,それと他のモノを使って行う行為,スマートフォンアプリを使う
ストーブ,それと他のモノを使って行う行為,センサーライトを使う
ストーブ,それと他のモノを使って行う行為,空気清浄機を使う
ストーブ,それを使用する目的以外で遊びとして行う行為,ストーブでマシュマロを焼く
ストーブ,それを使用する目的以外で遊びとして行う行為,ストーブでパンを焼く
ストーブ,それを使用する目的以外で遊びとして行う行為,ストーブでポップコーンを作る
ストーブ,それを使用する目的以外で遊びとして行う行為,ストーブで手を温める
ストーブ,それを使用する目的以外で遊びとして行う行為,ストーブでドライフルーツを作る
ストーブ,それを使用する目的以外で遊びとして行う行為,ストーブで焼き芋を作る
ストーブ,それを使用する目的以外で遊びとして行う行為,ストーブでコーヒーを温める
ストーブ,それを使用する目的以外で遊びとして行う行為,ストーブで紅茶を温める
ストーブ,それを使用する目的以外で遊びとして行う行為,ストーブでチーズを溶かす
ストーブ,それを使用する目的以外で遊びとして行う行為,ストーブでスープを温める
ストーブ,それを使用する目的以外で遊びとして行う行為,ストーブでミルクを温める
ストーブ,それを使用する目的以外で遊びとして行う行為,ストーブでハーブティーを作る
ストーブ,それを使用する目的以外で遊びとして行う行為,ストーブで燻製を作る
ストーブ,それを使用する目的以外で遊びとして行う行為,ストーブで乾燥フルーツを作る
ストーブ,それを使用する目的以外で遊びとして行う行為,ストーブでグリルをする
ストーブ,それを使用する目的以外で遊びとして行う行為,ストーブでクッキーを焼く
ストーブ,それを使用する目的以外で遊びとして行う行為,ストーブでピザを温める
ストーブ,それを使用する目的以外で遊びとして行う行為,ストーブでカレーを温める
ストーブ,それを使用する目的以外で遊びとして行う行為,ストーブでシチューを温める
ストーブ,それを使用する目的以外で遊びとして行う行為,ストーブで温泉卵を作る
ストーブ,それを使用する際，無意識でついやってしまう行為,ストーブの電源を入れる
ストーブ,それを使用する際，無意識でついやってしまう行為,ストーブの燃料を確認する
ストーブ,それを使用する際，無意識でついやってしまう行為,ストーブを点火する
ストーブ,それを使用する際，無意識でついやってしまう行為,ストーブの温度を設定する
ストーブ,それを使用する際，無意識でついやってしまう行為,ストーブのファンを調整する
ストーブ,それを使用する際，無意識でついやってしまう行為,ストーブの温度を確認する
ストーブ,それを使用する際，無意識でついやってしまう行為,ストーブの燃料を補充する
ストーブ,それを使用する際，無意識でついやってしまう行為,ストーブを消火する
ストーブ,それを使用する際，無意識でついやってしまう行為,ストーブの掃除をする
ストーブ,それを使用する際，無意識でついやってしまう行為,ストーブのフィルターを掃除する
ストーブ,それを使用する際，無意識でついやってしまう行為,ストーブの位置を調整する
ストーブ,それを使用する際，無意識でついやってしまう行為,ストーブの安全装置を確認する
ストーブ,それを使用する際，無意識でついやってしまう行為,ストーブの電源を切る
ストーブ,それを使用する際，無意識でついやってしまう行為,ストーブを移動する
ストーブ,それを使用する際，無意識でついやってしまう行為,ストーブの換気を確認する
ストーブ,それを使用する際，無意識でついやってしまう行為,ストーブの異音を確認する
ストーブ,それを使用する際，無意識でついやってしまう行為,ストーブの煙突を掃除する
ストーブ,それを使用する際，無意識でついやってしまう行為,ストーブの設定を変更する
ストーブ,それを使用する際，無意識でついやってしまう行為,ストーブのメンテナンスをする
ストーブ,それを使用する際，無意識でついやってしまう行為,ストーブの取扱説明書を読む
ストーブ,それを使用する際にミスや事故で起きる行為,ストーブの燃料が切れる
ストーブ,それを使用する際にミスや事故で起きる行為,ストーブが点火しない
ストーブ,それを使用する際にミスや事故で起きる行為,ストーブが過熱する
ストーブ,それを使用する際にミスや事故で起きる行為,ストーブの火力が弱い
ストーブ,それを使用する際にミスや事故で起きる行為,ストーブのフィルターが詰まる
ストーブ,それを使用する際にミスや事故で起きる行為,ストーブの煙突が詰まる
ストーブ,それを使用する際にミスや事故で起きる行為,ストーブの異音がする
ストーブ,それを使用する際にミスや事故で起きる行為,ストーブの火が消える
ストーブ,それを使用する際にミスや事故で起きる行為,ストーブが倒れる
ストーブ,それを使用する際にミスや事故で起きる行為,ストーブが煙を出す
ストーブ,それを使用する際にミスや事故で起きる行為,ストーブの温度が上がらない
ストーブ,それを使用する際にミスや事故で起きる行為,ストーブが燃えすぎる
ストーブ,それを使用する際にミスや事故で起きる行為,ストーブが壊れる
ストーブ,それを使用する際にミスや事故で起きる行為,ストーブの電源が入らない
ストーブ,それを使用する際にミスや事故で起きる行為,ストーブの温度設定が狂う
ストーブ,それを使用する際にミスや事故で起きる行為,ストーブのファンが回らない
ストーブ,それを使用する際にミスや事故で起きる行為,ストーブが燃料を漏らす
ストーブ,それを使用する際にミスや事故で起きる行為,ストーブが燃え尽きる
ストーブ,それを使用する際にミスや事故で起きる行為,ストーブが過熱して火災になる
ストーブ,それを使用する際にミスや事故で起きる行為,ストーブの燃料補充が難しい
ストーブ,それを用いて人との関係の中で起こりうる行為,ストーブの使い方を教える
ストーブ,それを用いて人との関係の中で起こりうる行為,一緒にストーブを使う
ストーブ,それを用いて人との関係の中で起こりうる行為,ストーブの燃料を補充する手伝いをする
ストーブ,それを用いて人との関係の中で起こりうる行為,ストーブの掃除を手伝う
ストーブ,それを用いて人との関係の中で起こりうる行為,ストーブのメンテナンスを手伝う
ストーブ,それを用いて人との関係の中で起こりうる行為,ストーブの購入を相談する
ストーブ,それを用いて人との関係の中で起こりうる行為,ストーブの特徴を話す
ストーブ,それを用いて人との関係の中で起こりうる行為,ストーブの魅力を伝える
ストーブ,それを用いて人との関係の中で起こりうる行為,ストーブの修理を手伝う
ストーブ,それを用いて人との関係の中で起こりうる行為,ストーブの収納を手伝う
ストーブ,それを用いて人との関係の中で起こりうる行為,ストーブの歴史を調べる
ストーブ,それを用いて人との関係の中で起こりうる行為,ストーブの展示を手伝う
ストーブ,それを用いて人との関係の中で起こりうる行為,ストーブの情報を交換する
ストーブ,それを用いて人との関係の中で起こりうる行為,ストーブのブランドを比べる
ストーブ,それを用いて人との関係の中で起こりうる行為,ストーブの機能を説明する
ストーブ,それを用いて人との関係の中で起こりうる行為,ストーブの使い心地を話す
ストーブ,それを用いて人との関係の中で起こりうる行為,ストーブのおすすめを紹介する
ストーブ,それを用いて人との関係の中で起こりうる行為,ストーブの燃料を買いに行く
ストーブ,それを用いて人との関係の中で起こりうる行為,ストーブの燃料をシェアする
ストーブ,それを用いて人との関係の中で起こりうる行為,ストーブの火を囲んで語り合う
自動床掃除機,使用する際の一連の行為,自動床掃除機の電源を入れる
自動床掃除機,使用する際の一連の行為,自動床掃除機の充電を確認する
自動床掃除機,使用する際の一連の行為,自動床掃除機のスケジュールを設定する
自動床掃除機,使用する際の一連の行為,自動床掃除機をスタートする
自動床掃除機,使用する際の一連の行為,自動床掃除機の進行を確認する
自動床掃除機,使用する際の一連の行為,自動床掃除機のダストボックスを確認する
自動床掃除機,使用する際の一連の行為,自動床掃除機のダストボックスを清掃する
自動床掃除機,使用する際の一連の行為,自動床掃除機のフィルターを掃除する
自動床掃除機,使用する際の一連の行為,自動床掃除機のブラシを確認する
自動床掃除機,使用する際の一連の行為,自動床掃除機のブラシを掃除する
自動床掃除機,使用する際の一連の行為,自動床掃除機のマッピング機能を使う
自動床掃除機,使用する際の一連の行為,自動床掃除機のアプリを使う
自動床掃除機,使用する際の一連の行為,自動床掃除機のセンサーを掃除する
自動床掃除機,使用する際の一連の行為,自動床掃除機を手動で操作する
自動床掃除機,使用する際の一連の行為,自動床掃除機の進路を確認する
自動床掃除機,使用する際の一連の行為,自動床掃除機を停止する
自動床掃除機,使用する際の一連の行為,自動床掃除機をホームベースに戻す
自動床掃除機,使用する際の一連の行為,自動床掃除機の取扱説明書を読む
自動床掃除機,使用する際の一連の行為,自動床掃除機を点検する
自動床掃除機,使用する際の一連の行為,自動床掃除機のバッテリーを交換する
自動床掃除機,それと他のモノを使って行う行為,スマートフォンを使う
自動床掃除機,それと他のモノを使って行う行為,自動床掃除機のアプリを使う
自動床掃除機,それと他のモノを使って行う行為,充電ステーションを使う
自動床掃除機,それと他のモノを使って行う行為,延長コードを使う
自動床掃除機,それと他のモノを使って行う行為,掃除機のフィルターを使う
自動床掃除機,それと他のモノを使って行う行為,掃除機のブラシを使う
自動床掃除機,それと他のモノを使って行う行為,掃除機のダストボックスを使う
自動床掃除機,それと他のモノを使って行う行為,掃除機のメンテナンスキットを使う
自動床掃除機,それと他のモノを使って行う行為,掃除機の取扱説明書を読む
自動床掃除機,それと他のモノを使って行う行為,掃除機の収納ケースを使う
自動床掃除機,それと他のモノを使って行う行為,掃除機の予備部品を使う
自動床掃除機,それと他のモノを使って行う行為,掃除機のヘッドを使う
自動床掃除機,それと他のモノを使って行う行為,掃除機の電源コードを使う
自動床掃除機,それと他のモノを使って行う行為,掃除機のバッテリーを使う
自動床掃除機,それと他のモノを使って行う行為,掃除機の充電器を使う
自動床掃除機,それと他のモノを使って行う行為,掃除機のタイマーを使う
自動床掃除機,それと他のモノを使って行う行為,掃除機のリモコンを使う
自動床掃除機,それと他のモノを使って行う行為,掃除機の収納ラックを使う
自動床掃除機,それと他のモノを使って行う行為,掃除機の掃除スタンドを使う
自動床掃除機,それと他のモノを使って行う行為,掃除機の掃除ブラシを使う
自動床掃除機,それを使用する目的以外で遊びとして行う行為,自動床掃除機でアートを作る
自動床掃除機,それを使用する目的以外で遊びとして行う行為,自動床掃除機でスタンプを作る
自動床掃除機,それを使用する目的以外で遊びとして行う行為,自動床掃除機で絵を描く
自動床掃除機,それを使用する目的以外で遊びとして行う行為,自動床掃除機でクラフトをする
自動床掃除機,それを使用する目的以外で遊びとして行う行為,自動床掃除機で模型を作る
自動床掃除機,それを使用する目的以外で遊びとして行う行為,自動床掃除機でパズルをする
自動床掃除機,それを使用する目的以外で遊びとして行う行為,自動床掃除機でストーリーを作る
自動床掃除機,それを使用する目的以外で遊びとして行う行為,自動床掃除機でゲームをする
自動床掃除機,それを使用する目的以外で遊びとして行う行為,自動床掃除機で彫刻をする
自動床掃除機,それを使用する目的以外で遊びとして行う行為,自動床掃除機でタワーを作る
自動床掃除機,それを使用する目的以外で遊びとして行う行為,自動床掃除機でおもちゃを作る
自動床掃除機,それを使用する目的以外で遊びとして行う行為,自動床掃除機で影絵をする
自動床掃除機,それを使用する目的以外で遊びとして行う行為,自動床掃除機で写真を撮る
自動床掃除機,それを使用する目的以外で遊びとして行う行為,自動床掃除機で紙芝居を作る
自動床掃除機,それを使用する目的以外で遊びとして行う行為,自動床掃除機でドミノをする
自動床掃除機,それを使用する目的以外で遊びとして行う行為,自動床掃除機でコースターを作る
自動床掃除機,それを使用する目的以外で遊びとして行う行為,自動床掃除機で模様を作る
自動床掃除機,それを使用する目的以外で遊びとして行う行為,自動床掃除機でクラフトをする
自動床掃除機,それを使用する目的以外で遊びとして行う行為,自動床掃除機で音を出す
自動床掃除機,それを使用する目的以外で遊びとして行う行為,自動床掃除機で紙を染める
自動床掃除機,それを使用する際，無意識でついやってしまう行為,自動床掃除機の電源を入れる
自動床掃除機,それを使用する際，無意識でついやってしまう行為,自動床掃除機の充電を確認する
自動床掃除機,それを使用する際，無意識でついやってしまう行為,自動床掃除機のスケジュールを設定する
自動床掃除機,それを使用する際，無意識でついやってしまう行為,自動床掃除機をスタートする
自動床掃除機,それを使用する際，無意識でついやってしまう行為,自動床掃除機の進行を確認する
自動床掃除機,それを使用する際，無意識でついやってしまう行為,自動床掃除機のダストボックスを確認する
自動床掃除機,それを使用する際，無意識でついやってしまう行為,自動床掃除機のダストボックスを清掃する
自動床掃除機,それを使用する際，無意識でついやってしまう行為,自動床掃除機のフィルターを掃除する
自動床掃除機,それを使用する際，無意識でついやってしまう行為,自動床掃除機のブラシを確認する
自動床掃除機,それを使用する際，無意識でついやってしまう行為,自動床掃除機のブラシを掃除する
自動床掃除機,それを使用する際，無意識でついやってしまう行為,自動床掃除機のマッピング機能を使う
自動床掃除機,それを使用する際，無意識でついやってしまう行為,自動床掃除機のアプリを使う
自動床掃除機,それを使用する際，無意識でついやってしまう行為,自動床掃除機のセンサーを掃除する
自動床掃除機,それを使用する際，無意識でついやってしまう行為,自動床掃除機を手動で操作する
自動床掃除機,それを使用する際，無意識でついやってしまう行為,自動床掃除機の進路を確認する
自動床掃除機,それを使用する際，無意識でついやってしまう行為,自動床掃除機を停止する
自動床掃除機,それを使用する際，無意識でついやってしまう行為,自動床掃除機をホームベースに戻す
自動床掃除機,それを使用する際，無意識でついやってしまう行為,自動床掃除機の取扱説明書を読む
自動床掃除機,それを使用する際，無意識でついやってしまう行為,自動床掃除機を点検する
自動床掃除機,それを使用する際，無意識でついやってしまう行為,自動床掃除機のバッテリーを交換する
自動床掃除機,それを使用する際にミスや事故で起きる行為,自動床掃除機が詰まる
自動床掃除機,それを使用する際にミスや事故で起きる行為,自動床掃除機が壊れる
自動床掃除機,それを使用する際にミスや事故で起きる行為,自動床掃除機が落ちる
自動床掃除機,それを使用する際にミスや事故で起きる行為,自動床掃除機が引っかかる
自動床掃除機,それを使用する際にミスや事故で起きる行為,自動床掃除機が過熱する
自動床掃除機,それを使用する際にミスや事故で起きる行為,自動床掃除機が焦げる
自動床掃除機,それを使用する際にミスや事故で起きる行為,自動床掃除機が動かない
自動床掃除機,それを使用する際にミスや事故で起きる行為,自動床掃除機のセンサーが誤作動する
自動床掃除機,それを使用する際にミスや事故で起きる行為,自動床掃除機の充電ができない
自動床掃除機,それを使用する際にミスや事故で起きる行為,自動床掃除機の吸引力が弱い
自動床掃除機,それを使用する際にミスや事故で起きる行為,自動床掃除機が障害物にぶつかる
自動床掃除機,それを使用する際にミスや事故で起きる行為,自動床掃除機の音がうるさい
自動床掃除機,それを使用する際にミスや事故で起きる行為,自動床掃除機のフィルターが汚れる
自動床掃除機,それを使用する際にミスや事故で起きる行為,自動床掃除機のダストボックスが破れる
自動床掃除機,それを使用する際にミスや事故で起きる行為,自動床掃除機のブラシが取れる
自動床掃除機,それを使用する際にミスや事故で起きる行為,自動床掃除機のホイールが壊れる
自動床掃除機,それを使用する際にミスや事故で起きる行為,自動床掃除機のバッテリーが切れる
自動床掃除機,それを使用する際にミスや事故で起きる行為,自動床掃除機の収納がうまくいかない
自動床掃除機,それを使用する際にミスや事故で起きる行為,自動床掃除機が迷子になる
自動床掃除機,それを使用する際にミスや事故で起きる行為,自動床掃除機のアプリが動かない
自動床掃除機,それを用いて人との関係の中で起こりうる行為,自動床掃除機の使い方を教える
自動床掃除機,それを用いて人との関係の中で起こりうる行為,自動床掃除機を貸す
自動床掃除機,それを用いて人との関係の中で起こりうる行為,自動床掃除機を借りる
自動床掃除機,それを用いて人との関係の中で起こりうる行為,自動床掃除機の掃除を手伝う
自動床掃除機,それを用いて人との関係の中で起こりうる行為,自動床掃除機のメンテナンスを手伝う
自動床掃除機,それを用いて人との関係の中で起こりうる行為,自動床掃除機の購入を相談する
自動床掃除機,それを用いて人との関係の中で起こりうる行為,自動床掃除機の特徴を話す
自動床掃除機,それを用いて人との関係の中で起こりうる行為,自動床掃除機の魅力を伝える
自動床掃除機,それを用いて人との関係の中で起こりうる行為,自動床掃除機の修理を手伝う
自動床掃除機,それを用いて人との関係の中で起こりうる行為,自動床掃除機の収納を手伝う
自動床掃除機,それを用いて人との関係の中で起こりうる行為,自動床掃除機の歴史を調べる
自動床掃除機,それを用いて人との関係の中で起こりうる行為,自動床掃除機の展示を手伝う
自動床掃除機,それを用いて人との関係の中で起こりうる行為,自動床掃除機の情報を交換する
自動床掃除機,それを用いて人との関係の中で起こりうる行為,自動床掃除機のブランドを比べる
自動床掃除機,それを用いて人との関係の中で起こりうる行為,自動床掃除機の機能を説明する
自動床掃除機,それを用いて人との関係の中で起こりうる行為,自動床掃除機の使い心地を話す
自動床掃除機,それを用いて人との関係の中で起こりうる行為,自動床掃除機のおすすめを紹介する
自動床掃除機,それを用いて人との関係の中で起こりうる行為,自動床掃除機の掃除を一緒にする
自動床掃除機,それを用いて人との関係の中で起こりうる行為,自動床掃除機のアタッチメントを選ぶ
自動床掃除機,それを用いて人との関係の中で起こりうる行為,自動床掃除機の掃除ブラシを交換する
